DAY,Date,FAJR start,SUN RISE,DHUHR start,ASR start,M/RIB start,ISHA start,FAJR prayer,DHUHR prayer,ASR prayer,M/RIB prayer,ISHA prayer
Sat,1-Jan,6:47,8:25,12:13,1:45,4:01,5:40,7:00,1:00,2:30,4:01,6:45
Sun,2-Jan,6:47,8:25,12:14,1:46,4:02,5:41,7:00,1:00,2:30,4:02,6:45
Mon,3-Jan,6:46,8:24,12:14,1:47,4:03,5:42,7:00,1:00,2:30,4:03,6:45
Tue,4-Jan,6:46,8:24,12:14,1:48,4:04,5:43,7:00,1:00,2:30,4:04,6:45
Wed,5-Jan,6:46,8:24,12:14,1:48,4:04,5:43,7:00,1:00,2:30,4:04,6:45
Thu,6-Jan,6:46,8:23,12:15,1:50,4:07,5:45,7:00,1:00,2:30,4:07,6:45
Fri,7-Jan,6:45,8:23,12:16,1:52,4:08,5:46,7:00,1:00,2:30,4:08,6:45
Sat,8-Jan,6:45,8:22,12:16,1:53,4:10,5:47,7:00,1:00,2:30,4:10,6:45
Sun,9-Jan,6:45,8:22,12:17,1:54,4:11,5:49,7:00,1:00,2:30,4:11,6:45
Mon,10-Jan,6:44,8:21,12:17,1:55,4:13,5:50,7:00,1:00,2:30,4:13,6:45
Tue,11-Jan,6:44,8:20,12:17,1:57,4:14,5:51,7:00,1:00,2:30,4:14,6:45
Wed,12-Jan,6:43,8:19,12:18,1:58,4:16,5:52,7:00,1:00,2:30,4:16,6:45
Thu,13-Jan,6:43,8:18,12:18,1:59,4:17,5:54,7:00,1:00,2:30,4:17,6:45
Fri,14-Jan,6:42,8:18,12:19,2:01,4:19,5:55,7:00,1:00,2:30,4:19,6:45
Sat,15-Jan,6:41,8:17,12:19,2:02,4:21,5:57,7:00,1:00,2:30,4:21,6:45
Sun,16-Jan,6:41,8:16,12:19,2:03,4:22,5:58,7:00,1:00,2:30,4:22,6:45
Mon,17-Jan,6:40,8:15,12:20,2:05,4:24,5:59,7:00,1:00,2:30,4:24,6:45
Tue,18-Jan,6:39,8:13,12:20,2:06,4:26,6:01,7:00,1:00,2:30,4:26,6:45
Wed,19-Jan,6:38,8:12,12:20,2:08,4:28,6:02,7:00,1:00,2:30,4:28,6:45
Thu,20-Jan,6:38,8:12,12:20,2:08,4:28,6:02,7:00,1:00,2:30,4:28,6:45
Fri,21-Jan,6:36,8:10,12:21,2:11,4:31,6:05,6:45,1:00,2:30,4:31,6:45
Sat,22-Jan,6:35,8:09,12:21,2:12,4:33,6:07,6:45,1:00,2:30,4:33,6:45
Sun,23-Jan,6:34,8:07,12:21,2:14,4:35,6:09,6:45,1:00,2:30,4:35,6:45
Mon,24-Jan,6:33,8:06,12:22,2:15,4:37,6:10,6:45,1:00,2:30,4:37,6:45
Tue,25-Jan,6:32,8:04,12:22,2:17,4:39,6:12,6:45,1:00,2:30,4:39,6:45
Wed,26-Jan,6:31,8:03,12:22,2:18,4:41,6:13,6:45,1:00,2:30,4:41,6:45
Thu,27-Jan,6:29,8:02,12:22,2:20,4:43,6:15,6:45,1:00,2:30,4:43,6:45
Fri,28-Jan,6:28,8:00,12:22,2:21,4:44,6:17,6:45,1:00,2:45,4:44,6:45
Sat,29-Jan,6:27,7:58,12:23,2:23,4:46,6:18,6:45,1:00,2:45,4:46,6:45
Sun,30-Jan,6:25,7:57,12:23,2:24,4:48,6:20,6:45,1:00,2:45,4:48,6:45
Mon,31-Jan,6:24,7:55,12:23,2:26,4:50,6:22,6:45,12:45,2:45,4:50,6:45
Tue,1-Feb,6:24,7:54,12:28,2:26,4:55,6:21,6:45,12:45,2:45,4:55,6:45
Wed,2-Feb,6:23,7:53,12:28,2:28,4:57,6:23,6:45,12:45,2:45,4:57,6:45
Thu,3-Feb,6:21,7:51,12:28,2:29,4:59,6:25,6:45,12:45,2:45,4:59,6:45
Fri,4-Feb,6:19,7:49,12:28,2:31,5:01,6:26,6:30,15:11,3:30,5:01,7:00
Sat,5-Feb,6:17,7:47,12:28,2:32,5:03,6:28,6:30,12:45,3:30,5:03,7:00
Sun,6-Feb,6:15,7:45,12:28,2:34,5:05,6:30,6:30,12:45,3:30,5:05,7:00
Mon,7-Feb,6:14,7:44,12:28,2:36,5:07,6:31,6:30,12:45,3:30,5:07,7:00
Tue,8-Feb,6:12,7:42,12:28,2:37,5:09,6:33,6:30,12:45,3:30,5:09,7:00
Wed,9-Feb,6:10,7:40,12:28,2:39,5:11,6:35,6:30,12:45,3:30,5:11,7:00
Thu,10-Feb,6:08,7:38,12:28,2:40,5:13,6:37,6:30,12:45,3:30,5:13,7:00
Fri,11-Feb,6:06,7:36,12:28,2:42,5:14,6:38,6:15,13:00,3:30,5:14,7:15
Sat,12-Feb,6:04,7:34,12:28,2:43,5:16,6:40,6:15,2:00,3:30,5:16,7:15
Sun,13-Feb,6:02,7:32,12:28,2:45,5:18,6:42,6:15,2:00,3:30,5:18,7:15
Mon,14-Feb,6:00,7:30,12:28,2:46,5:20,6:43,6:15,2:00,3:30,5:20,7:15
Tue,15-Feb,5:58,7:28,12:28,2:48,5:22,6:45,6:15,2:00,3:30,5:22,7:15
Wed,16-Feb,5:56,7:26,12:28,2:49,5:24,6:47,6:15,2:00,3:30,5:24,7:15
Thu,17-Feb,5:54,7:24,12:28,2:51,5:26,6:49,6:15,2:00,3:30,5:26,7:15
Fri,18-Feb,5:51,7:21,12:28,2:52,5:28,6:50,6:00,2:00,3:30,5:28,7:30
Sat,19-Feb,5:49,7:19,12:28,2:54,5:30,6:52,6:00,2:00,3:30,5:30,7:30
Sun,20-Feb,5:47,7:17,12:28,2:55,5:32,6:54,6:00,2:00,3:30,5:32,7:30
Mon,21-Feb,5:45,7:15,12:28,2:57,5:34,6:55,6:00,12:45,3:30,5:34,7:30
Tue,22-Feb,5:43,7:13,12:27,2:58,5:36,6:57,6:00,12:45,3:30,5:36,7:30
Wed,23-Feb,5:41,7:11,12:27,3:00,5:38,6:59,6:00,12:45,3:30,5:38,7:30
Thu,24-Feb,5:38,7:08,12:27,3:01,5:40,7:01,6:00,12:45,3:30,5:40,7:30
Fri,25-Feb,5:36,7:06,12:27,3:02,5:42,7:02,6:00,13:15,3:30,5:42,7:30
Sat,26-Feb,5:34,7:04,12:27,3:04,5:44,7:04,6:00,12:45,3:45,5:44,7:30
Sun,27-Feb,5:32,7:02,12:27,3:05,5:46,7:06,6:00,12:45,3:45,5:51,7:30
Mon,28-Feb,5:29,6:59,12:26,3:07,5:48,7:07,6:00,12:45,3:45,5:53,7:30
Tue,1-Mar,5:27,6:57,12:26,3:08,5:50,7:09,6:00,12:45,3:45,5:55,7:30
Wed,2-Mar,5:25,6:55,12:26,3:09,5:52,7:11,6:00,12:45,3:45,5:57,7:30
Thu,3-Mar,5:22,6:52,12:26,3:11,5:53,7:12,6:00,12:45,3:45,5:58,7:30
Fri,4-Mar,5:20,6:50,12:26,3:12,5:55,7:14,5:45,1:00,3:45,6:00,7:45
Sat,5-Mar,5:18,6:48,12:25,3:13,5:57,7:16,5:45,12:45,3:45,6:02,7:45
Sun,6-Mar,5:15,6:45,12:25,3:15,5:59,7:17,5:45,12:45,3:45,6:04,7:45
Mon,7-Mar,5:13,6:43,12:25,3:16,6:01,7:19,5:45,12:45,3:45,6:06,7:45
Tue,8-Mar,5:11,6:41,12:25,3:17,6:03,7:20,5:45,12:45,3:45,6:08,7:45
Wed,9-Mar,5:08,6:38,12:24,3:19,6:05,7:22,5:45,12:45,3:45,6:10,7:45
Thu,10-Mar,5:06,6:36,12:24,3:20,6:07,7:24,5:45,12:45,3:45,6:12,7:45
Fri,11-Mar,5:04,6:34,12:24,3:21,6:09,7:25,5:30,1:00,4:00,6:14,8:00
Sat,12-Mar,5:01,6:31,12:24,3:22,6:10,7:27,5:30,12:45,4:00,6:15,8:00
Sun,13-Mar,4:59,6:29,12:23,3:24,6:12,7:29,5:30,12:45,4:00,6:17,8:00
Mon,14-Mar,4:56,6:26,12:23,3:25,6:14,7:30,5:30,12:45,4:00,6:19,8:00
Tue,15-Mar,4:54,6:24,12:23,3:26,6:16,7:32,5:30,12:45,4:00,6:21,8:00
Wed,16-Mar,4:51,6:21,12:23,3:27,6:18,7:33,5:30,12:45,4:00,6:23,8:00
Thu,17-Mar,4:49,6:19,12:22,3:28,6:20,7:35,5:30,12:45,4:00,6:25,8:00
Fri,18-Mar,4:47,6:17,12:22,3:29,6:22,7:37,5:15,1:00,4:00,6:27,8:00
Sat,19-Mar,4:44,6:14,12:22,3:31,6:23,7:38,5:15,12:45,4:00,6:28,8:00
Sun,20-Mar,4:42,6:12,12:21,3:32,6:25,7:40,5:15,12:45,4:00,6:30,8:00
Mon,21-Mar,4:39,6:09,12:21,3:33,6:27,7:42,5:15,12:45,4:00,6:32,8:00
Tue,22-Mar,4:37,6:07,12:21,3:34,6:29,7:44,5:15,12:45,4:00,6:34,8:00
Wed,23-Mar,4:34,6:04,12:21,3:35,6:31,7:46,5:15,12:45,4:00,6:36,8:00
Thu,24-Mar,4:32,6:02,12:20,3:36,6:33,7:48,5:15,12:45,4:00,6:38,8:00
Fri,25-Mar,4:30,6:00,12:20,3:37,6:34,7:49,5:00,1:00,4:15,6:39,8:15
Sat,26-Mar,4:27,5:57,12:20,3:38,6:36,7:51,5:00,12:45,4:15,6:41,8:15
Sun,27-Mar,5:25,6:55,1:19,4:39,7:38,8:53,6:00,1:45,5:15,7:43,9:15
Mon,28-Mar,5:22,6:52,1:19,4:40,7:40,8:55,6:00,1:45,5:15,7:45,9:15
Tue,29-Mar,5:20,6:50,1:19,4:42,7:42,8:57,6:00,1:45,5:15,7:47,9:15
Wed,30-Mar,5:17,6:47,1:18,4:43,7:44,8:59,6:00,1:45,5:15,7:49,9:15
Thu,31-Mar,5:15,6:45,1:18,4:44,7:45,9:00,6:00,1:45,5:15,7:50,9:15
Fri,1-Apr,5:13,6:43,1:18,4:45,7:47,9:02,5:45,1:30,5:15,7:52,9:30
Sat,2-Apr,5:10,6:40,1:18,4:46,7:49,9:04,5:30,1:45,5:15,7:54,9:45
Sun,3-Apr,5:08,6:38,1:17,4:47,7:51,9:06,5:30,1:45,5:15,7:56,9:45
Mon,4-Apr,5:05,6:35,1:17,4:48,7:53,9:08,5:30,1:45,5:15,7:58,9:45
Tue,5-Apr,5:03,6:33,1:17,4:48,7:54,9:09,5:30,1:45,5:15,7:59,9:45
Wed,6-Apr,5:01,6:31,1:16,4:49,7:56,9:11,5:30,1:45,5:15,8:01,9:45
Thu,7-Apr,4:58,6:28,1:16,4:50,7:58,9:13,5:30,1:45,5:15,8:03,9:45
Fri,8-Apr,4:56,6:26,1:16,4:51,8:00,9:15,5:15,1:30,5:15,8:05,9:45
Sat,9-Apr,4:53,6:23,1:16,4:52,8:02,9:17,5:15,1:45,5:15,8:07,9:45
Sun,10-Apr,4:51,6:21,1:15,4:53,8:04,9:19,5:15,1:45,5:15,8:09,9:45
Mon,11-Apr,4:49,6:19,1:15,4:54,8:05,9:20,5:15,1:45,5:15,8:10,9:45
Tue,12-Apr,4:46,6:16,1:15,4:55,8:07,9:22,5:15,1:45,5:15,8:12,9:45
Wed,13-Apr,4:44,6:14,1:15,4:56,8:09,9:24,5:15,1:45,5:15,8:14,9:45
Thu,14-Apr,4:42,6:12,1:14,4:57,8:11,9:26,5:15,1:45,5:15,8:16,9:45
Fri,15-Apr,4:39,6:09,1:14,4:58,8:13,9:28,5:00,1:30,5:30,8:18,10:00
Sat,16-Apr,4:37,6:07,1:14,4:58,8:14,9:29,5:00,1:45,5:30,8:19,10:00
Sun,17-Apr,4:35,6:05,1:14,4:52,8:16,9:31,5:00,1:45,5:30,8:21,10:00
Mon,18-Apr,8:32,6:03,1:13,5:00,8:18,9:33,11:44,1:45,8:00,8:23,9:22
Tue,19-Apr,10:11,6:00,1:14,4:00,9:10,9:40,11:24,4:39,5:31,8:25,9:09
Wed,20-Apr,4:28,13:07,13:21,5:02,9:36,9:10,5:00,1:45,6:03,8:27,10:00
Thu,21-Apr,4:26,5:56,10:29,5:03,8:24,9:39,5:00,1:45,5:30,8:29,10:00
Fri,22-Apr,4:24,5:54,1:12,5:04,8:25,9:40,4:45,1:30,5:30,8:30,10:00
Sat,23-Apr,4:21,5:51,1:12,5:04,8:27,9:42,4:45,1:45,5:30,8:32,10:00
Sun,24-Apr,4:19,5:49,1:12,5:05,8:29,9:44,4:45,1:45,5:30,8:34,10:00
Mon,25-Apr,4:17,5:47,1:12,5:06,8:31,9:46,4:30,1:45,5:30,8:36,10:00
Tue,26-Apr,4:15,5:45,1:12,5:07,8:33,9:48,4:30,1:45,5:30,8:38,10:00
Wed,27-Apr,4:13,5:43,1:12,5:08,8:34,9:49,4:30,1:45,5:30,8:39,10:00
Thu,28-Apr,4:11,5:41,1:11,5:08,8:36,9:51,4:30,1:45,5:30,8:41,10:00
Fri,29-Apr,4:09,5:39,1:11,5:09,8:38,9:53,4:15,1:30,5:45,8:43,10:00
Sat,30-Apr,4:07,5:37,1:11,5:10,8:40,9:55,4:15,1:45,5:45,8:45,10:00
Sun,1-May,4:04,5:34,1:11,5:11,8:42,9:57,4:15,1:45,5:45,8:47,10:00
Mon,2-May,4:02,5:32,1:11,5:11,8:43,9:58,4:15,1:45,5:45,8:48,10:00
Tue,3-May,4:00,5:30,1:11,5:12,8:45,10:00,4:15,1:45,5:45,8:50,10:05
Wed,4-May,3:59,5:29,1:11,5:13,8:47,10:02,4:15,1:45,5:45,8:52,10:07
Thu,5-May,3:57,5:27,1:11,5:14,8:49,10:04,4:15,1:45,5:45,8:54,10:09
Fri,6-May,3:55,5:25,1:11,5:14,8:51,10:06,4:15,1:30,5:45,8:56,10:11
Sat,7-May,3:53,5:23,1:11,5:15,8:52,10:07,4:15,1:45,5:45,8:57,10:12
Sun,8-May,3:51,5:21,1:10,5:16,8:54,10:09,4:15,1:45,5:45,8:59,10:14
Mon,9-May,3:49,5:19,1:10,5:16,8:56,10:11,4:15,1:45,5:45,9:01,10:16
Tue,10-May,3:47,5:17,1:10,5:17,8:57,10:12,4:15,1:45,5:45,9:02,10:17
Wed,11-May,3:45,5:15,1:10,5:18,8:59,10:14,4:15,1:45,5:45,9:04,10:19
Thu,12-May,3:44,5:14,1:10,5:18,9:01,10:16,4:15,1:45,5:45,9:06,10:21
Fri,13-May,3:42,5:12,1:10,5:19,9:03,10:18,4:00,1:30,5:45,9:08,10:23
Sat,14-May,3:40,5:10,1:10,5:20,9:04,10:19,4:00,1:45,5:45,9:09,10:24
Sun,15-May,3:39,5:09,1:10,5:20,9:06,10:21,4:00,1:45,5:45,9:11,10:26
Mon,16-May,3:37,5:07,1:10,5:21,9:07,10:22,4:00,1:45,5:45,9:12,10:27
Tue,17-May,3:35,5:05,1:10,5:22,9:09,10:24,4:00,1:45,5:45,9:14,10:29
Wed,18-May,3:34,5:04,1:10,5:22,9:11,10:26,4:00,1:45,5:45,9:16,10:31
Thu,19-May,3:32,5:02,1:10,5:23,9:12,10:27,4:00,1:45,5:45,9:17,10:32
Fri,20-May,3:31,5:01,1:11,5:24,9:14,10:29,4:00,1:30,6:00,9:19,10:34
Sat,21-May,3:30,5:00,1:11,5:24,9:15,10:30,4:00,1:45,6:00,9:20,10:35
Sun,22-May,3:28,4:58,1:11,5:25,9:17,10:32,4:00,1:45,6:00,9:22,10:37
Mon,23-May,3:27,4:57,1:11,5:25,9:18,10:33,4:00,1:45,6:00,9:23,10:38
Tue,24-May,3:26,4:56,1:11,5:26,9:20,10:35,4:00,1:45,6:00,9:25,10:40
Wed,25-May,3:24,4:54,1:11,5:27,9:21,10:36,4:00,1:45,6:00,9:26,10:41
Thu,26-May,3:23,4:53,1:11,5:27,9:23,10:38,4:00,1:45,6:00,9:28,10:43
Fri,27-May,3:22,4:52,1:11,5:28,9:24,10:39,3:45,1:30,6:00,9:29,10:44
Sat,28-May,3:21,4:51,1:11,5:28,9:25,10:40,3:45,1:45,6:00,9:30,10:45
Sun,29-May,3:20,4:50,1:11,5:29,9:27,10:42,3:45,1:45,6:00,9:32,10:47
Mon,30-May,3:19,4:49,1:12,5:29,9:28,10:43,3:45,1:45,6:00,9:33,10:48
Tue,31-May,3:18,4:48,1:12,5:30,9:29,10:44,3:45,1:45,6:00,9:34,10:49
Wed,1-Jun,3:17,4:47,1:12,5:30,9:30,10:45,3:45,1:45,6:00,9:35,10:50
Thu,2-Jun,3:16,4:46,1:12,5:31,9:32,10:47,3:45,1:45,6:00,9:37,10:52
Fri,3-Jun,3:15,4:45,1:12,5:31,9:33,10:48,3:30,1:30,6:00,9:38,10:53
Sat,4-Jun,3:14,4:44,1:12,5:32,9:34,10:49,3:30,1:45,6:00,9:39,10:54
Sun,5-Jun,3:14,4:44,1:12,5:32,9:35,10:50,3:30,1:45,6:00,9:40,10:55
Mon,6-Jun,3:13,4:43,1:13,5:33,9:36,10:51,3:30,1:45,6:00,9:41,10:56
Tue,7-Jun,3:12,4:42,1:13,5:33,9:37,10:52,3:30,1:45,6:00,9:42,10:57
Wed,8-Jun,3:12,4:42,1:13,5:34,9:38,10:53,3:30,1:45,6:00,9:43,10:58
Thu,9-Jun,3:11,4:41,1:13,5:34,9:38,10:53,3:30,1:45,6:00,9:43,10:58
Fri,10-Jun,3:11,4:41,1:13,5:34,9:39,10:54,3:30,1:30,6:00,9:44,10:59
Sat,11-Jun,3:11,4:41,1:14,5:35,9:40,10:55,3:30,1:45,6:00,9:45,11:00
Sun,12-Jun,3:10,4:40,1:14,5:35,9:41,10:56,3:30,1:45,6:00,9:46,11:01
Mon,13-Jun,3:10,4:40,1:14,5:36,9:41,10:56,3:30,1:45,6:00,9:46,11:01
Tue,14-Jun,3:10,4:40,1:14,5:36,9:42,10:57,3:30,1:45,6:00,9:47,11:02
Wed,15-Jun,3:10,4:40,1:14,5:36,9:43,10:58,3:30,1:45,6:00,9:48,11:03
Thu,16-Jun,3:09,4:39,1:15,5:37,9:43,10:59,3:30,1:45,6:00,9:48,11:04
Fri,17-Jun,3:09,4:39,1:15,5:37,9:44,11:00,3:30,1:30,6:15,9:49,11:05
Sat,18-Jun,3:09,4:39,1:15,5:37,9:44,11:01,3:30,1:45,6:15,9:49,11:06
Sun,19-Jun,3:10,4:40,1:15,5:37,9:44,11:01,3:30,1:45,6:15,9:49,11:06
Mon,20-Jun,3:10,4:40,1:16,5:38,9:45,11:02,3:30,1:45,6:15,9:50,11:07
Tue,21-Jun,3:10,4:40,1:16,5:38,9:45,11:02,3:30,1:45,6:15,9:50,11:07
Wed,22-Jun,3:10,4:40,1:16,5:38,9:45,11:03,3:30,1:45,6:15,9:50,11:08
Thu,23-Jun,3:10,4:40,1:16,5:38,9:45,11:03,3:30,1:45,6:15,9:50,11:08
Fri,24-Jun,3:11,4:41,1:16,5:38,9:45,11:02,3:30,1:30,6:15,9:50,11:07
Sat,25-Jun,3:11,4:41,1:17,5:39,9:45,11:02,3:30,1:45,6:15,9:50,11:07
Sun,26-Jun,3:12,4:42,1:17,5:39,9:45,11:02,3:30,1:45,6:15,9:50,11:07
Mon,27-Jun,3:12,4:42,1:17,5:39,9:45,11:01,3:30,1:45,6:15,9:50,11:06
Tue,28-Jun,3:13,4:43,1:17,5:39,9:45,11:01,3:30,1:45,6:15,9:50,11:06
Wed,29-Jun,3:13,4:43,1:17,5:39,9:45,11:00,3:30,1:45,6:15,9:50,11:05
Thu,30-Jun,3:14,4:44,1:18,5:39,9:44,11:00,3:30,1:45,6:15,9:49,11:05
Fri,1-Jul,3:15,4:45,1:18,5:39,9:44,10:59,3:30,1:30,6:15,9:49,11:04
Sat,2-Jul,3:15,4:45,1:18,5:39,9:43,10:58,3:30,1:45,6:15,9:48,11:03
Sun,3-Jul,3:16,4:46,1:18,5:39,9:43,10:57,3:30,1:45,6:15,9:48,11:02
Mon,4-Jul,3:17,4:47,1:18,5:39,9:42,10:57,3:30,1:45,6:15,9:47,11:02
Tue,5-Jul,3:18,4:48,1:19,5:39,9:42,10:56,3:30,1:45,6:15,9:47,11:01
Wed,6-Jul,3:19,4:49,1:19,5:39,9:41,10:55,3:30,1:45,6:15,9:46,11:00
Thu,7-Jul,3:20,4:50,1:19,5:39,9:41,10:54,3:30,1:45,6:15,9:46,10:59
Fri,8-Jul,3:21,4:51,1:19,5:39,9:40,10:53,3:45,1:30,6:15,9:45,10:58
Sat,9-Jul,3:22,4:52,1:19,5:38,9:39,10:52,3:45,1:45,6:15,9:44,10:57
Sun,10-Jul,3:23,4:53,1:19,5:38,9:38,10:50,3:45,1:45,6:15,9:43,10:55
Mon,11-Jul,3:24,4:54,1:20,5:38,9:37,10:49,3:45,1:45,6:15,9:42,10:54
Tue,12-Jul,3:25,4:55,1:20,5:38,9:36,10:48,3:45,1:45,6:15,9:41,10:53
Wed,13-Jul,3:27,4:57,1:20,5:37,9:35,10:47,3:45,1:45,6:15,9:40,10:52
Thu,14-Jul,3:28,4:58,1:20,5:37,9:34,10:45,3:45,1:45,6:15,9:39,10:50
Fri,15-Jul,3:29,4:59,1:20,5:37,9:33,10:44,4:00,1:30,6:15,9:38,10:49
Sat,16-Jul,3:30,5:00,1:20,5:37,9:32,10:42,4:00,1:45,6:15,9:37,10:47
Sun,17-Jul,3:32,5:02,1:20,5:36,9:31,10:41,4:00,1:45,6:15,9:36,10:46
Mon,18-Jul,3:33,5:03,1:20,5:36,9:30,10:39,4:00,1:45,6:15,9:35,10:44
Tue,19-Jul,3:35,5:05,1:20,5:35,9:28,10:38,4:00,1:45,6:15,9:33,10:43
Wed,20-Jul,3:36,5:06,1:20,5:35,9:27,10:36,4:00,1:45,6:15,9:32,10:41
Thu,21-Jul,3:37,5:07,1:20,5:34,9:26,10:34,4:00,1:45,6:15,9:31,10:39
Fri,22-Jul,3:39,5:09,1:20,5:34,9:24,10:33,4:00,1:30,6:15,9:29,10:38
Sat,23-Jul,3:40,5:10,1:20,5:33,9:23,10:31,4:00,1:45,6:15,9:28,10:36
Sun,24-Jul,3:42,5:12,1:21,5:33,9:21,10:29,4:00,1:45,6:15,9:26,10:34
Mon,25-Jul,3:43,5:13,1:21,5:32,9:20,10:27,4:00,1:45,6:15,9:25,10:32
Tue,26-Jul,3:45,5:15,1:21,5:32,9:18,10:25,4:00,1:45,6:15,9:23,10:30
Wed,27-Jul,3:47,5:17,1:21,5:31,9:17,10:23,4:00,1:45,6:15,9:22,10:28
Thu,28-Jul,3:48,5:18,1:20,5:30,9:15,10:21,4:00,1:45,6:15,9:20,10:26
Fri,29-Jul,3:50,5:20,1:20,5:30,9:13,10:19,4:15,1:30,6:00,9:18,10:24
Sat,30-Jul,3:51,5:21,1:20,5:29,9:12,10:17,4:15,1:45,6:00,9:17,10:22
Sun,31-Jul,3:53,5:23,1:20,5:28,9:10,10:15,4:15,1:45,6:00,9:15,10:20
Mon,1-Aug,3:55,5:25,1:20,5:28,9:08,10:23,4:15,1:45,6:00,9:13,10:28
Tue,2-Aug,3:56,5:26,1:20,5:27,9:06,10:21,4:15,1:45,6:00,9:11,10:26
Wed,3-Aug,3:58,5:28,1:20,5:26,9:05,10:20,4:15,1:45,6:00,9:10,10:25
Thu,4-Aug,4:00,5:30,1:20,5:25,9:03,10:18,4:15,1:45,6:00,9:08,10:23
Fri,5-Aug,4:01,5:31,1:20,5:24,9:01,10:16,4:30,1:30,6:00,9:06,10:21
Sat,6-Aug,4:03,5:33,1:20,5:23,8:59,10:14,4:30,1:45,6:00,9:04,10:19
Sun,7-Aug,4:05,5:35,1:20,5:23,8:57,10:12,4:30,1:45,6:00,9:02,10:17
Mon,8-Aug,4:06,5:36,1:20,5:22,8:55,10:10,4:30,1:45,6:00,9:00,10:15
Tue,9-Aug,4:08,5:38,1:19,5:21,8:53,10:08,4:30,1:45,6:00,8:58,10:13
Wed,10-Aug,4:10,5:40,1:19,5:20,8:51,10:06,4:30,1:45,6:00,8:56,10:11
Thu,11-Aug,4:12,5:42,1:19,5:19,8:49,10:04,4:30,1:45,6:00,8:54,10:09
Fri,12-Aug,4:13,5:43,1:19,5:18,8:47,10:02,4:45,1:30,5:45,8:52,22:07
Sat,13-Aug,4:15,5:45,1:19,5:17,8:45,10:00,4:45,1:45,5:45,8:50,10:05
Sun,14-Aug,4:17,5:47,1:19,5:16,8:43,21:58,4:45,1:45,5:45,8:48,10:03
Mon,15-Aug,4:18,5:48,1:18,5:14,8:41,21:56,4:45,1:45,5:45,8:46,22:01
Tue,16-Aug,4:20,5:50,1:18,5:13,8:38,21:53,4:45,1:45,5:45,8:43,21:58
Wed,17-Aug,4:22,5:52,1:18,5:12,8:36,21:51,4:45,1:45,5:45,8:41,21:56
Thu,18-Aug,4:24,5:54,1:18,5:11,8:34,21:49,4:45,1:45,5:45,8:39,21:54
Fri,19-Aug,4:25,5:55,1:18,5:10,8:32,21:47,4:45,1:30,5:45,8:37,21:52
Sat,20-Aug,4:27,5:57,1:17,5:09,8:30,21:45,4:45,1:45,5:45,8:35,21:50
Sun,21-Aug,4:29,5:59,1:17,5:07,8:27,21:42,4:45,1:45,5:45,8:32,21:47
Mon,22-Aug,4:31,6:01,1:17,5:06,8:25,21:40,4:45,1:45,5:45,8:30,21:45
Tue,23-Aug,4:32,6:02,1:17,5:05,8:23,21:38,4:45,1:45,5:45,8:28,21:43
Wed,24-Aug,4:34,6:04,1:16,5:03,8:21,21:36,4:45,1:45,5:45,8:26,21:41
Thu,25-Aug,4:36,6:06,1:16,5:02,8:18,21:33,4:45,1:45,5:45,8:23,21:38
Fri,26-Aug,4:38,6:08,1:16,5:01,8:16,21:31,5:00,1:30,5:30,8:21,21:36
Sat,27-Aug,4:39,6:09,1:15,4:59,8:14,21:29,5:00,1:45,5:30,8:19,21:34
Sun,28-Aug,4:41,6:11,1:15,4:58,8:11,21:26,5:00,1:45,5:30,8:16,21:31
Mon,29-Aug,4:43,6:13,1:15,4:57,8:09,21:24,5:00,1:45,5:30,8:14,21:29
Tue,30-Aug,4:45,6:15,1:15,4:55,8:07,21:22,5:00,1:45,5:30,8:12,21:27
Wed,31-Aug,4:46,6:16,1:14,4:54,8:04,21:19,5:00,1:45,5:30,8:09,21:24
Thu,1-Sep,,,,,,,,,,,
Fri,2-Sep,,,,,,,,,,,
Sat,3-Sep,,,,,,,,,,,
Sun,4-Sep,,,,,,,,,,,
Mon,5-Sep,,,,,,,,,,,
Tue,6-Sep,,,,,,,,,,,
Wed,7-Sep,,,,,,,,,,,
Thu,8-Sep,,,,,,,,,,,
Fri,9-Sep,,,,,,,,,,,
Sat,10-Sep,,,,,,,,,,,
Sun,11-Sep,,,,,,,,,,,
Mon,12-Sep,,,,,,,,,,,
Tue,13-Sep,,,,,,,,,,,
Wed,14-Sep,,,,,,,,,,,
Thu,15-Sep,,,,,,,,,,,
Fri,16-Sep,,,,,,,,,,,
Sat,17-Sep,,,,,,,,,,,
Sun,18-Sep,,,,,,,,,,,
Mon,19-Sep,,,,,,,,,,,
Tue,20-Sep,,,,,,,,,,,
Wed,21-Sep,,,,,,,,,,,
Thu,22-Sep,,,,,,,,,,,
Fri,23-Sep,,,,,,,,,,,
Sat,24-Sep,,,,,,,,,,,
Sun,25-Sep,,,,,,,,,,,
Mon,26-Sep,,,,,,,,,,,
Tue,27-Sep,,,,,,,,,,,
Wed,28-Sep,,,,,,,,,,,
Thu,29-Sep,,,,,,,,,,,
Fri,30-Sep,,,,,,,,,,,
Sat,1-Oct,,,,,,,,,,,
Sun,2-Oct,,,,,,,,,,,
Mon,3-Oct,,,,,,,,,,,
Tue,4-Oct,,,,,,,,,,,
Wed,5-Oct,,,,,,,,,,,
Thu,6-Oct,,,,,,,,,,,
Fri,7-Oct,,,,,,,,,,,
Sat,8-Oct,,,,,,,,,,,
Sun,9-Oct,,,,,,,,,,,
Mon,10-Oct,,,,,,,,,,,
Tue,11-Oct,,,,,,,,,,,
Wed,12-Oct,,,,,,,,,,,
Thu,13-Oct,,,,,,,,,,,
Fri,14-Oct,,,,,,,,,,,
Sat,15-Oct,,,,,,,,,,,
Sun,16-Oct,,,,,,,,,,,
Mon,17-Oct,,,,,,,,,,,
Tue,18-Oct,,,,,,,,,,,
Wed,19-Oct,,,,,,,,,,,
Thu,20-Oct,,,,,,,,,,,
Fri,21-Oct,,,,,,,,,,,
Sat,22-Oct,,,,,,,,,,,
Sun,23-Oct,,,,,,,,,,,
Mon,24-Oct,,,,,,,,,,,
Tue,25-Oct,,,,,,,,,,,
Wed,26-Oct,,,,,,,,,,,
Thu,27-Oct,,,,,,,,,,,
Fri,28-Oct,,,,,,,,,,,
Sat,29-Oct,,,,,,,,,,,
Sun,30-Oct,,,,,,,,,,,
Mon,31-Oct,,,,,,,,,,,
Tue,1-Nov,,,,,,,,,,,
Wed,2-Nov,,,,,,,,,,,
Thu,3-Nov,,,,,,,,,,,
Fri,4-Nov,,,,,,,,,,,
Sat,5-Nov,,,,,,,,,,,
Sun,6-Nov,,,,,,,,,,,
Mon,7-Nov,,,,,,,,,,,
Tue,8-Nov,,,,,,,,,,,
Wed,9-Nov,,,,,,,,,,,
Thu,10-Nov,,,,,,,,,,,
Fri,11-Nov,,,,,,,,,,,
Sat,12-Nov,,,,,,,,,,,
Sun,13-Nov,,,,,,,,,,,
Mon,14-Nov,,,,,,,,,,,
Tue,15-Nov,,,,,,,,,,,
Wed,16-Nov,,,,,,,,,,,
Thu,17-Nov,,,,,,,,,,,
Fri,18-Nov,,,,,,,,,,,
Sat,19-Nov,,,,,,,,,,,
Sun,20-Nov,,,,,,,,,,,
Mon,21-Nov,,,,,,,,,,,
Tue,22-Nov,,,,,,,,,,,
Wed,23-Nov,,,,,,,,,,,
Thu,24-Nov,,,,,,,,,,,
Fri,25-Nov,,,,,,,,,,,
Sat,26-Nov,,,,,,,,,,,
Sun,27-Nov,,,,,,,,,,,
Mon,28-Nov,,,,,,,,,,,
Tue,29-Nov,,,,,,,,,,,
Wed,30-Nov,,,,,,,,,,,
Thu,1-Dec,,,,,,,,,,,
Fri,2-Dec,,,,,,,,,,,
Sat,3-Dec,,,,,,,,,,,
Sun,4-Dec,,,,,,,,,,,
Mon,5-Dec,,,,,,,,,,,
Tue,6-Dec,,,,,,,,,,,
Wed,7-Dec,,,,,,,,,,,
Thu,8-Dec,,,,,,,,,,,
Fri,9-Dec,,,,,,,,,,,
Sat,10-Dec,,,,,,,,,,,
Sun,11-Dec,,,,,,,,,,,
Mon,12-Dec,,,,,,,,,,,
Tue,13-Dec,,,,,,,,,,,
Wed,14-Dec,,,,,,,,,,,
Thu,15-Dec,,,,,,,,,,,
Fri,16-Dec,,,,,,,,,,,
Sat,17-Dec,,,,,,,,,,,
Sun,18-Dec,,,,,,,,,,,
Mon,19-Dec,,,,,,,,,,,
Tue,20-Dec,,,,,,,,,,,
Wed,21-Dec,,,,,,,,,,,
Thu,22-Dec,,,,,,,,,,,
Fri,23-Dec,,,,,,,,,,,
Sat,24-Dec,,,,,,,,,,,
Sun,25-Dec,,,,,,,,,,,
Mon,26-Dec,,,,,,,,,,,
Tue,27-Dec,,,,,,,,,,,
Wed,28-Dec,,,,,,,,,,,
Thu,29-Dec,,,,,,,,,,,
Fri,30-Dec,,,,,,,,,,,
Sat,31-Dec,,,,,,,,,,,
